03af9369-fdf3-y67u-2ee3-386d3a535281, https://s.bonbanh.com/uploads/users/329142/car/5261038/l_1698136510.818.jpeg, 9f4c358f-3323-4c87-9a35-2f0f6619c95b
04af9369-d0bf-878h-cd32-386d3a535282, https://s.bonbanh.com/uploads/users/329142/car/5261038/l_1698136512.987.jpeg, 9f4c358f-3323-4c87-9a35-2f0f6619c95b
05af9369-2de2-grt6-81d3-386d3a535283, https://s.bonbanh.com/uploads/users/329142/car/5127984/l_1691200626.203.jpeg, 6a75db85-4037-4c45-b814-3fcc1b0c6e8c
06af9369-f566-gf44-s243-386d3a535284, https://s.bonbanh.com/uploads/users/329142/car/5127984/l_1691200627.442.jpeg, 6a75db85-4037-4c45-b814-3fcc1b0c6e8c
07af9369-ft56-dw32-234t-386d3a535285, https://s.bonbanh.com/uploads/users/329142/car/5216015/l_1680836666.768.jpeg, 971ab313-b038-4de5-8d8c-9527a53c2b1f
08af9369-f332-s3r4-81d3-386d3a535286, https://s.bonbanh.com/uploads/users/329142/car/5216015/l_1680836667.104.jpeg, 971ab313-b038-4de5-8d8c-9527a53c2b1f
11af9369-fg77-nf83-ee23-386d3a535289, https://s.bonbanh.com/uploads/users/329142/car/5178563/l_1693926899.903.jpeg, 90aae2b8-b747-43e2-b297-d86544b98097
12af9369-fhg6-nhde-ewe2-386d3a535280, https://s.bonbanh.com/uploads/users/329142/car/5178563/l_1693926898.340.jpeg, 90aae2b8-b747-43e2-b297-d86544b98097
13af9369-cedr-k3w9-81d3-386d3a535288, https://heyoto.vn/wp-content/uploads/2022/06/kia-sportage-mau-trang.jpg, 502bf635-d7f5-4fe9-9ef6-095a7be91c84
14af9369-h533-ns09-ndfk-386d3a535234, https://heyoto.vn/wp-content/uploads/2022/06/noi-that-kia-sportage-2.0d-signature-x-line.jpg, 502bf635-d7f5-4fe9-9ef6-095a7be91c84
15af9369-fr32-md9w-de54-386d3a535253, https://www.toyota.com.vn/media/oaxoingp/toyota-7-cho-veloz-1.jpeg?width=779&height=463&mode=max, c12720d8-f2eb-4e5e-b628-1701d730ea69
16af9369-kj53-mke9-d435-386d3a535276, https://www.toyota.com.vn/media/g0bd2eo3/toyota-7-cho-veloz-2.jpeg?width=779&height=464&mode=max, c12720d8-f2eb-4e5e-b628-1701d730ea69
17af9369-bn32-swnh-gh67-386d3a535299, https://ssa-api.toyotavn.com.vn/Resources/Images/2127FE645ED203EEDE3435C822563506.jpg, b519bca4-ce37-4dea-b77f-a72f7d1c18d2
18af9369-uu76-k29s-g53s-386d3a535201, https://ssa-api.toyotavn.com.vn/Resources/Images/2127FE645ED203EEDE3435C822563506.jpg, b519bca4-ce37-4dea-b77f-a72f7d1c18d2
19af9369-cf54-jw39-i898-386d3a535212, https://cms.anycar.vn/wp-content/uploads/2022/12/abff7c3f-20221220_063715.jpg, 7b06c52c-ec54-4fd9-9c61-fefb1aa6efc1
20af9369-dr99-sik2-f3sw-386d3a535232, https://cms.anycar.vn/wp-content/uploads/2022/12/da7c8a08-20221220_063716.jpg, 7b06c52c-ec54-4fd9-9c61-fefb1aa6efc1
d6edeea6-b77e-46c6-bb54-40dc9ff5e7a9, \uploadFiles\mercedes1.jpg, 59afde37-7e6b-4c2e-873a-524b7c51946e
d990d4f0-19f7-4b0a-9b4d-db6df055f3df, \uploadFiles\mercedes2.jpg, 59afde37-7e6b-4c2e-873a-524b7c51946e
5bbdc901-00c9-4167-b523-5559dba9bc62, \uploadFiles\mercedes2.jpg, 8dc44d04-64ba-4d47-9925-5ff310abf07e
39e69016-93cc-481a-8ae1-4d3df4fc1135, \uploadFiles\mercedes3.jpg, 8dc44d04-64ba-4d47-9925-5ff310abf07e
